{"cameraMode":{"drawMode":0,"name":"Shaded","section":"Shading Mode"},"sceneLighting":false,"audioPlay":false,"sceneViewState":{"showFog":true,"showMaterialUpdate":false,"showSkybox":false,"showFlares":true,"showImageEffects":true,"showParticleSystems":true,"showVisualEffectGraphs":true,"m_FxEnabled":true},"in2DMode":false,"pivot":{"x":3.1037158966064455,"y":7.197523593902588,"z":0.8728342056274414},"rotation":{"x":-0.056731607764959338,"y":0.9430288672447205,"z":-0.22061461210250855,"w":-0.24250228703022004},"size":7.586838722229004,"orthographic":false}